title,company,location,time_opened,link
Desenvolvedor,Hiper Software,São Paulo e Região,Há 1 semana,https://br.linkedin.com/jobs/view/desenvolvedor-at-hiper-software-3823911497?position=1&pageNum=0&refId=96gFVFlRb4kGxdMS9HCGYQ%3D%3D&trackingId=NyvQnzf8hOtA673WJP8HAg%3D%3D&trk=public_jobs_jserp-result_search-card
Desenvolvedor MYSQL,Casa do Crédito S.A. - SCM,São Paulo e Região,Há 3 meses,https://br.linkedin.com/jobs/view/desenvolvedor-mysql-at-casa-do-cr%C3%A9dito-s-a-scm-3760170978?position=2&pageNum=0&refId=96gFVFlRb4kGxdMS9HCGYQ%3D%3D&trackingId=mwRYwWf591LxZBoZOurp9w%3D%3D&trk=public_jobs_jserp-result_search-card
Desenvolvedor(a) Front-End,Brivia | The Creative Smartech,"São Paulo, SP",Há 2 meses,https://br.linkedin.com/jobs/view/desenvolvedor-a-front-end-at-brivia-3798755517?position=3&pageNum=0&refId=96gFVFlRb4kGxdMS9HCGYQ%3D%3D&trackingId=%2FCW%2Bpti%2FFhVmYwXRC8NHDQ%3D%3D&trk=public_jobs_jserp-result_search-card
Desenvolvedor full stack jr,Devio,São Paulo e Região,Há 4 semanas,https://br.linkedin.com/jobs/view/desenvolvedor-full-stack-jr-at-devio-3809098562?position=4&pageNum=0&refId=96gFVFlRb4kGxdMS9HCGYQ%3D%3D&trackingId=qG33ASf0p7FEDMffLyI47A%3D%3D&trk=public_jobs_jserp-result_search-card
Desenvolvedor Web (Brasil - Remoto),Go IT Concept,"São Paulo, SP",Há 1 semana,https://br.linkedin.com/jobs/view/desenvolvedor-web-brasil-remoto-at-go-it-by-ptc-group-3828683974?position=5&pageNum=0&refId=96gFVFlRb4kGxdMS9HCGYQ%3D%3D&trackingId=9ctGPiNiRSIHIKnKvyX1qw%3D%3D&trk=public_jobs_jserp-result_search-card
Desenvolvedor Front-End,Shakers Agência & Consultoria,São Paulo e Região,Há 1 mês,https://br.linkedin.com/jobs/view/desenvolvedor-front-end-at-shakers-ag%C3%AAncia-consultoria-3804829980?position=6&pageNum=0&refId=96gFVFlRb4kGxdMS9HCGYQ%3D%3D&trackingId=BThJyIGpgHzb7XZm0SUTDQ%3D%3D&trk=public_jobs_jserp-result_search-card
Back End Developer,Rappi,"São Paulo, SP",Há 1 semana,https://br.linkedin.com/jobs/view/back-end-developer-at-rappi-3826600736?position=7&pageNum=0&refId=96gFVFlRb4kGxdMS9HCGYQ%3D%3D&trackingId=YUiDkwpWj0TJoPHUboQo4g%3D%3D&trk=public_jobs_jserp-result_search-card
DESENVOLVEDOR REACT JR (VIBRA),Grupo Bandeirantes de Comunicação,"São Paulo, SP",Há 1 semana,https://br.linkedin.com/jobs/view/desenvolvedor-react-jr-vibra-at-grupo-bandeirantes-de-comunica%C3%A7%C3%A3o-3828674635?position=8&pageNum=0&refId=96gFVFlRb4kGxdMS9HCGYQ%3D%3D&trackingId=%2Fp7FRSDmMYHT91lEl%2Bu2Ew%3D%3D&trk=public_jobs_jserp-result_search-card
Programador Web,Campanha Digital,São Paulo e Região,Há 2 meses,https://br.linkedin.com/jobs/view/programador-web-at-campanha-digital-3792572282?position=9&pageNum=0&refId=96gFVFlRb4kGxdMS9HCGYQ%3D%3D&trackingId=7F4tsZe8CaUpGKOF9sTr4Q%3D%3D&trk=public_jobs_jserp-result_search-card
Desenvolvedor Front-end,H2 Club,"São Paulo, SP",Há 3 semanas,https://br.linkedin.com/jobs/view/desenvolvedor-front-end-at-h2-club-3814725796?position=10&pageNum=0&refId=96gFVFlRb4kGxdMS9HCGYQ%3D%3D&trackingId=9zv7j5mOIgVFuFsid5BJRA%3D%3D&trk=public_jobs_jserp-result_search-card
Desenvolvedor,Stoom seu E-commerce de ponta a ponta,São Paulo e Região,Há 1 semana,https://br.linkedin.com/jobs/view/desenvolvedor-at-stoom-solu%C3%A7%C3%B5es-em-e-commerce-3823736645?position=11&pageNum=0&refId=96gFVFlRb4kGxdMS9HCGYQ%3D%3D&trackingId=EzJXDpsNdj0uDbinaVL%2FiA%3D%3D&trk=public_jobs_jserp-result_search-card
Desenvolvedor(a) Front-End Júnior (Angular),B4A,"São Paulo, SP",Há 2 meses,https://br.linkedin.com/jobs/view/desenvolvedor-a-front-end-j%C3%BAnior-angular-at-b4a-3778915549?position=12&pageNum=0&refId=96gFVFlRb4kGxdMS9HCGYQ%3D%3D&trackingId=h2O3%2BqOY90wwr9tYb9dqUw%3D%3D&trk=public_jobs_jserp-result_search-card
DESENVOLVEDOR FRONT END,Copafer Comercial Ltda,"Mauá, SP",Há 3 meses,https://br.linkedin.com/jobs/view/desenvolvedor-front-end-at-copafer-comercial-ltda-3782277971?position=13&pageNum=0&refId=96gFVFlRb4kGxdMS9HCGYQ%3D%3D&trackingId=ciUKTPnCsKK4DLSHVWR1gQ%3D%3D&trk=public_jobs_jserp-result_search-card
Banco de Talentos IOB (Profissional de desenvolvimento de Software),"ao3, uma marca do Grupo IOB","São Paulo, SP",Há 8 meses,https://br.linkedin.com/jobs/view/banco-de-talentos-iob-profissional-de-desenvolvimento-de-software-at-ao3-uma-marca-do-grupo-iob-3631058064?position=14&pageNum=0&refId=96gFVFlRb4kGxdMS9HCGYQ%3D%3D&trackingId=kM%2BlqnW4hV7t5nFU36WDgw%3D%3D&trk=public_jobs_jserp-result_search-card
Desenvolvedor(a) Web (Banco de Talentos),SERI.E DESIGN,"São Paulo, SP",Há 2 semanas,https://br.linkedin.com/jobs/view/desenvolvedor-a-web-banco-de-talentos-at-seri-e-design-3816180557?position=15&pageNum=0&refId=96gFVFlRb4kGxdMS9HCGYQ%3D%3D&trackingId=7pmv312fzW89zBdGHxP4nQ%3D%3D&trk=public_jobs_jserp-result_search-card
Desenvolvedor(a) Software,Brivia | The Creative Smartech,"São Paulo, SP",Há 2 meses,https://br.linkedin.com/jobs/view/desenvolvedor-a-software-at-brivia-3798753821?position=16&pageNum=0&refId=96gFVFlRb4kGxdMS9HCGYQ%3D%3D&trackingId=zhN4Meg8cZobvDspmXsXFA%3D%3D&trk=public_jobs_jserp-result_search-card
Desenvolvedor(a) Backend Junior,Serasa Experian,"São Paulo, SP",Há 3 dias,https://br.linkedin.com/jobs/view/desenvolvedor-a-backend-junior-at-serasa-experian-3834442593?position=17&pageNum=0&refId=96gFVFlRb4kGxdMS9HCGYQ%3D%3D&trackingId=RvG05Rw15mdqqAftPZcXOg%3D%3D&trk=public_jobs_jserp-result_search-card
Estágio de Desenvolvedor JAVA,Élin Duxus Consultoria,São Paulo e Região,Há 4 semanas,https://br.linkedin.com/jobs/view/est%C3%A1gio-de-desenvolvedor-java-at-%C3%A9lin-duxus-consulting-3813908653?position=19&pageNum=0&refId=96gFVFlRb4kGxdMS9HCGYQ%3D%3D&trackingId=KhaaVGg61IrfSbojrRorhg%3D%3D&trk=public_jobs_jserp-result_search-card
Desenvolvedor Backend Java Jr,Ewave do Brasil,"São Paulo, SP",Há 1 dia,https://br.linkedin.com/jobs/view/desenvolvedor-backend-java-jr-at-ewave-do-brasil-3836948728?position=20&pageNum=0&refId=96gFVFlRb4kGxdMS9HCGYQ%3D%3D&trackingId=oGPqAaJfDbZIa5VvUI7U2A%3D%3D&trk=public_jobs_jserp-result_search-card
Desenvolvedor,Before,São Paulo e Região,Há 1 semana,https://br.linkedin.com/jobs/view/desenvolvedor-at-before-3823922078?position=21&pageNum=0&refId=96gFVFlRb4kGxdMS9HCGYQ%3D%3D&trackingId=znHG8opArweBjIJTwivIxw%3D%3D&trk=public_jobs_jserp-result_search-card
Desenvolvedor(a) Frontend Junior | Vue | Brasil,Deloitte,"São Paulo, SP",Há 23 horas,https://br.linkedin.com/jobs/view/desenvolvedor-a-frontend-junior-vue-brasil-at-deloitte-3836989998?position=22&pageNum=0&refId=96gFVFlRb4kGxdMS9HCGYQ%3D%3D&trackingId=iDjadGjpWKVf1zp7Pr%2FQAw%3D%3D&trk=public_jobs_jserp-result_search-card
Desenvolvedor Front End,Prime Interway,"São Paulo, SP",Há 3 semanas,https://br.linkedin.com/jobs/view/desenvolvedor-front-end-at-prime-interway-3816017936?position=23&pageNum=0&refId=96gFVFlRb4kGxdMS9HCGYQ%3D%3D&trackingId=Ir7oY1Y7lQ48F5Rf4xh7Yw%3D%3D&trk=public_jobs_jserp-result_search-card
Desenvolvedor Java Junior (360667),Grupo Travelex Confidence,"São Paulo, SP",Há 1 semana,https://br.linkedin.com/jobs/view/desenvolvedor-java-junior-360667-at-grupo-travelex-confidence-3825380007?position=24&pageNum=0&refId=96gFVFlRb4kGxdMS9HCGYQ%3D%3D&trackingId=Y%2BaSeApB4Q64P1lNufMrqQ%3D%3D&trk=public_jobs_jserp-result_search-card
Desenvolvedor(a) Junior,IBM,"São Paulo, SP",Há 1 semana,https://br.linkedin.com/jobs/view/desenvolvedor-a-junior-at-ibm-3821086927?position=25&pageNum=0&refId=96gFVFlRb4kGxdMS9HCGYQ%3D%3D&trackingId=wwI2ELjmtTZaQH48Ijk03A%3D%3D&trk=public_jobs_jserp-result_search-card
Desenvolvedor Front-end,WarmUP Consulting,São Paulo e Região,Há 1 semana,https://br.linkedin.com/jobs/view/desenvolvedor-front-end-at-warmup-consulting-3822132517?position=26&pageNum=0&refId=96gFVFlRb4kGxdMS9HCGYQ%3D%3D&trackingId=tMgSwv%2BKQWbnKHjRM7JrPw%3D%3D&trk=public_jobs_jserp-result_search-card
Desenvolvedor Web,PWI Sistemas,São Paulo e Região,Há 1 mês,https://br.linkedin.com/jobs/view/desenvolvedor-web-at-pwi-sistemas-3800342810?position=27&pageNum=0&refId=96gFVFlRb4kGxdMS9HCGYQ%3D%3D&trackingId=zr%2FsT2tu6d7Z2PfP2%2BbZbQ%3D%3D&trk=public_jobs_jserp-result_search-card
Desenvolvedor Frontend,Zig. The Global Funtech,"São Paulo, SP",Há 2 meses,https://br.linkedin.com/jobs/view/desenvolvedor-frontend-at-zig-the-global-funtech-3799847266?position=28&pageNum=0&refId=96gFVFlRb4kGxdMS9HCGYQ%3D%3D&trackingId=SNbG%2FB%2Ff01Y8rshFicKIgA%3D%3D&trk=public_jobs_jserp-result_search-card
Desenvolvedor Front-end Júnior - Trabalho Híbrido,Tgid - Transform and grow in digital,"São Paulo, SP",Há 3 semanas,https://br.linkedin.com/jobs/view/desenvolvedor-front-end-j%C3%BAnior-trabalho-h%C3%ADbrido-at-tgid-transform-and-grow-in-digital-3818254539?position=29&pageNum=0&refId=96gFVFlRb4kGxdMS9HCGYQ%3D%3D&trackingId=YK%2FVHmSaCnVGLLLqNaFZZA%3D%3D&trk=public_jobs_jserp-result_search-card
Desenvolvedor Frontend,SeedTS,"São Paulo, SP",Há 1 dia,https://br.linkedin.com/jobs/view/desenvolvedor-frontend-at-seedts-3836905655?position=30&pageNum=0&refId=96gFVFlRb4kGxdMS9HCGYQ%3D%3D&trackingId=zejG1c4uPxMVUuwJOPY8gg%3D%3D&trk=public_jobs_jserp-result_search-card
Desenvolvedor,Stoom seu E-commerce de ponta a ponta,São Paulo e Região,Há 1 semana,https://br.linkedin.com/jobs/view/desenvolvedor-at-stoom-solu%C3%A7%C3%B5es-em-e-commerce-3825531106?position=31&pageNum=0&refId=96gFVFlRb4kGxdMS9HCGYQ%3D%3D&trackingId=MFyVyGFL7k9%2BbBxiyYVw3w%3D%3D&trk=public_jobs_jserp-result_search-card
Desenvolvedor Front-end PL.,RTM,São Paulo e Região,Há 5 dias,https://br.linkedin.com/jobs/view/desenvolvedor-front-end-pl-at-rtm-3829196424?position=32&pageNum=0&refId=96gFVFlRb4kGxdMS9HCGYQ%3D%3D&trackingId=vFaqrum7Mc8SllRvzv0v1A%3D%3D&trk=public_jobs_jserp-result_search-card
Desenvolvedor Back-end - Junior,"PSISEG - Psicologia, RH e SST",São Paulo e Região,Há 5 dias,https://br.linkedin.com/jobs/view/desenvolvedor-back-end-junior-at-psiseg-psicologia-rh-e-sst-3833189625?position=33&pageNum=0&refId=96gFVFlRb4kGxdMS9HCGYQ%3D%3D&trackingId=S9xYsLug5mcwP3%2BVXL45xg%3D%3D&trk=public_jobs_jserp-result_search-card
Desenvolvedor(a) de Software,Skeps,São Paulo e Região,Há 1 mês,https://br.linkedin.com/jobs/view/desenvolvedor-a-de-software-at-skeps-3801135227?position=34&pageNum=0&refId=96gFVFlRb4kGxdMS9HCGYQ%3D%3D&trackingId=6ttj91haKZtyIAEtSrP7zg%3D%3D&trk=public_jobs_jserp-result_search-card
DESENVOLVEDOR FRONT-END,Grupo AlloyMIT,São Paulo e Região,Há 6 dias,https://br.linkedin.com/jobs/view/desenvolvedor-front-end-at-grupo-alloymit-3828501678?position=36&pageNum=0&refId=96gFVFlRb4kGxdMS9HCGYQ%3D%3D&trackingId=b4lhHEZsomw8KPoWU9ihGQ%3D%3D&trk=public_jobs_jserp-result_search-card
Desenvolvedor Back-end,H2 Club,"São Paulo, SP",Há 3 semanas,https://br.linkedin.com/jobs/view/desenvolvedor-back-end-at-h2-club-3814729225?position=37&pageNum=0&refId=96gFVFlRb4kGxdMS9HCGYQ%3D%3D&trackingId=rKsj5dVRchZ9nqIEHkj4WQ%3D%3D&trk=public_jobs_jserp-result_search-card
Desenvolvedor Java Júnior,Deloitte,"São Paulo, SP",Há 1 semana,https://br.linkedin.com/jobs/view/desenvolvedor-java-j%C3%BAnior-at-deloitte-3826633381?position=38&pageNum=0&refId=96gFVFlRb4kGxdMS9HCGYQ%3D%3D&trackingId=Hlziz5fVC3FMxZPr7d1dEg%3D%3D&trk=public_jobs_jserp-result_search-card
Desenvolvedor Front-End,Pasquali Solution,"São Paulo, SP",Há 1 dia,https://br.linkedin.com/jobs/view/desenvolvedor-front-end-at-pasquali-solution-3836984236?position=39&pageNum=0&refId=96gFVFlRb4kGxdMS9HCGYQ%3D%3D&trackingId=xFUBua5Es2lMU4AX1MzDFQ%3D%3D&trk=public_jobs_jserp-result_search-card
Desenvolvedor,Pacto Soluções,São Paulo e Região,Há 1 semana,https://br.linkedin.com/jobs/view/desenvolvedor-at-pacto-solu%C3%A7%C3%B5es-tecnol%C3%B3gicas-ltda-3823768495?position=40&pageNum=0&refId=96gFVFlRb4kGxdMS9HCGYQ%3D%3D&trackingId=ip3RJp0viUrFkeFRPS%2FZCA%3D%3D&trk=public_jobs_jserp-result_search-card
Desenvolvedor,MPJ Solutions,São Paulo e Região,Há 1 semana,https://br.linkedin.com/jobs/view/desenvolvedor-at-mpj-solutions-3823794195?position=41&pageNum=0&refId=96gFVFlRb4kGxdMS9HCGYQ%3D%3D&trackingId=wpJa8eBeR77ATwQRaQuoEg%3D%3D&trk=public_jobs_jserp-result_search-card
Desenvolvedor Fullstack,FOLKS,São Paulo e Região,Há 3 semanas,https://br.linkedin.com/jobs/view/desenvolvedor-fullstack-at-folks-3814767156?position=42&pageNum=0&refId=96gFVFlRb4kGxdMS9HCGYQ%3D%3D&trackingId=%2Bcn2w9JfK48jCOWWkgryAw%3D%3D&trk=public_jobs_jserp-result_search-card
Desenvolvedor Web,RB Serviços,"Guarulhos, SP",Há 5 meses,https://br.linkedin.com/jobs/view/desenvolvedor-web-at-rb-servi%C3%A7os-3724847145?position=43&pageNum=0&refId=96gFVFlRb4kGxdMS9HCGYQ%3D%3D&trackingId=5ZuWsfK%2FbGkRzHKjHHoo7A%3D%3D&trk=public_jobs_jserp-result_search-card
Desenvolvedor Back-End,Selbetti Tecnologia,"São Paulo, SP",Há 2 semanas,https://br.linkedin.com/jobs/view/desenvolvedor-back-end-at-selbetti-tecnologia-3821037119?position=44&pageNum=0&refId=96gFVFlRb4kGxdMS9HCGYQ%3D%3D&trackingId=fsOrkkllarhbisbSJGIFmw%3D%3D&trk=public_jobs_jserp-result_search-card
Desenvolvedor,VIARH Soluções em Recursos Humanos,São Paulo e Região,Há 1 semana,https://br.linkedin.com/jobs/view/desenvolvedor-at-viarh-solu%C3%A7%C3%B5es-em-recursos-humanos-3827242522?position=45&pageNum=0&refId=96gFVFlRb4kGxdMS9HCGYQ%3D%3D&trackingId=1loiZU6dnm7RPk0z7uQesA%3D%3D&trk=public_jobs_jserp-result_search-card
Desenvolvedor Back-End,Flora Energia,"São Paulo, SP",Há 2 meses,https://br.linkedin.com/jobs/view/desenvolvedor-back-end-at-flora-energia-3779917387?position=47&pageNum=0&refId=96gFVFlRb4kGxdMS9HCGYQ%3D%3D&trackingId=z9S01nmpw30zKiw1tqGmvA%3D%3D&trk=public_jobs_jserp-result_search-card
Desenvolvedor Web Full Stack,HF CONSULTING - Homologada TOTVS,São Paulo e Região,Há 1 mês,https://br.linkedin.com/jobs/view/desenvolvedor-web-full-stack-at-hf-consulting-homologada-totvs-3802936037?position=48&pageNum=0&refId=96gFVFlRb4kGxdMS9HCGYQ%3D%3D&trackingId=gjCuGbwK4qVD87Ry4GlYHQ%3D%3D&trk=public_jobs_jserp-result_search-card
Desenvolvedor / Programador Node.JS,Pasquali Solution,"São Paulo, SP",Há 2 meses,https://br.linkedin.com/jobs/view/desenvolvedor-programador-node-js-at-pasquali-solution-3800430931?position=49&pageNum=0&refId=96gFVFlRb4kGxdMS9HCGYQ%3D%3D&trackingId=nQeqKFX6L9INUNVEwZ7plA%3D%3D&trk=public_jobs_jserp-result_search-card
BANCO DE TALENTOS - DESENVOLVEDOR(A) - FULLSTACK,Banco Daycoval,"São Paulo, SP",Há 2 meses,https://br.linkedin.com/jobs/view/banco-de-talentos-desenvolvedor-a-fullstack-at-banco-daycoval-3798782615?position=50&pageNum=0&refId=96gFVFlRb4kGxdMS9HCGYQ%3D%3D&trackingId=w%2FB1yF5%2BeG3JcXJgzpLktQ%3D%3D&trk=public_jobs_jserp-result_search-card
Desenvolvedor de sofware,DIMEP,São Paulo e Região,Há 1 mês,https://br.linkedin.com/jobs/view/desenvolvedor-de-sofware-at-dimep-3805092357?position=51&pageNum=0&refId=96gFVFlRb4kGxdMS9HCGYQ%3D%3D&trackingId=RLB5QwwCLHdxkjSpEodldg%3D%3D&trk=public_jobs_jserp-result_search-card
Desenvolvedor Full Stack,Pasquali Solution,"Taboão da Serra, SP",Há 1 dia,https://br.linkedin.com/jobs/view/desenvolvedor-full-stack-at-pasquali-solution-3836080153?position=52&pageNum=0&refId=96gFVFlRb4kGxdMS9HCGYQ%3D%3D&trackingId=snRY2Atv5PIsAlflDNgaHQ%3D%3D&trk=public_jobs_jserp-result_search-card
Desenvolvedor Java Júnior (Banco de Talentos) (351087) - REMOTE,Touch Health,"São Paulo, SP",Há 2 meses,https://br.linkedin.com/jobs/view/desenvolvedor-java-j%C3%BAnior-banco-de-talentos-351087-remote-at-touch-tecnologia-3782439935?position=53&pageNum=0&refId=96gFVFlRb4kGxdMS9HCGYQ%3D%3D&trackingId=lpJ3EHzEElmI1Tgcy1zmFg%3D%3D&trk=public_jobs_jserp-result_search-card
Analista Desenvolvedor de Sistemas Jr - Full Stack,Editora do Brasil,"São Paulo, SP",Há 5 dias,https://br.linkedin.com/jobs/view/analista-desenvolvedor-de-sistemas-jr-full-stack-at-editora-do-brasil-3832968254?position=54&pageNum=0&refId=96gFVFlRb4kGxdMS9HCGYQ%3D%3D&trackingId=%2BoeHslhPR0hfhfZRHoTuTQ%3D%3D&trk=public_jobs_jserp-result_search-card
Desenvolvedor,MPJ Solutions,São Paulo e Região,Há 1 semana,https://br.linkedin.com/jobs/view/desenvolvedor-at-mpj-solutions-3823792688?position=55&pageNum=0&refId=96gFVFlRb4kGxdMS9HCGYQ%3D%3D&trackingId=ChfiJZZFZNbl1Ue%2B%2Fi%2FkcQ%3D%3D&trk=public_jobs_jserp-result_search-card
Desenvolvedor(a) Node.js,Brivia | The Creative Smartech,"São Paulo, SP",Há 2 meses,https://br.linkedin.com/jobs/view/desenvolvedor-a-node-js-at-brivia-3798751981?position=56&pageNum=0&refId=96gFVFlRb4kGxdMS9HCGYQ%3D%3D&trackingId=SshNlkqpQHfCB2p2ZMezVA%3D%3D&trk=public_jobs_jserp-result_search-card
Desenvolvedor (a),MakeOne,"São Paulo, SP",Há 2 meses,https://br.linkedin.com/jobs/view/desenvolvedor-a-at-telesul-3787370993?position=57&pageNum=0&refId=96gFVFlRb4kGxdMS9HCGYQ%3D%3D&trackingId=Z%2FrC2TS3XWX0Moc76ieS2A%3D%3D&trk=public_jobs_jserp-result_search-card
Desenvolvedor Full Stack I Java,Sinqia,"São Paulo, SP",Há 1 mês,https://br.linkedin.com/jobs/view/desenvolvedor-full-stack-i-java-at-sinqia-3827841012?position=58&pageNum=0&refId=96gFVFlRb4kGxdMS9HCGYQ%3D%3D&trackingId=bLhPbpNhI50S9wQTStzcPA%3D%3D&trk=public_jobs_jserp-result_search-card
Desenvolvedor Backend C#,Mottu,"São Paulo, SP",Há 2 meses,https://br.linkedin.com/jobs/view/desenvolvedor-backend-c%23-at-mottu-3781919548?position=59&pageNum=0&refId=96gFVFlRb4kGxdMS9HCGYQ%3D%3D&trackingId=yhoj6rGcE62CVFD2q5zNmw%3D%3D&trk=public_jobs_jserp-result_search-card
Desenvolvedor Front-end,WarmUP Consulting,São Paulo e Região,Há 1 semana,https://br.linkedin.com/jobs/view/desenvolvedor-front-end-at-warmup-consulting-3822132517?position=1&pageNum=2&refId=Q2s6kIZyiHWRQQj1GsGx3w%3D%3D&trackingId=sRj7cWt6zzEPTT%2BRbhryKA%3D%3D&trk=public_jobs_jserp-result_search-card
Desenvolvedor Web,PWI Sistemas,São Paulo e Região,Há 1 mês,https://br.linkedin.com/jobs/view/desenvolvedor-web-at-pwi-sistemas-3800342810?position=2&pageNum=2&refId=Q2s6kIZyiHWRQQj1GsGx3w%3D%3D&trackingId=vLcaKq90AfhdhytnV3MKJQ%3D%3D&trk=public_jobs_jserp-result_search-card
Desenvolvedor Frontend,Zig. The Global Funtech,"São Paulo, SP",Há 2 meses,https://br.linkedin.com/jobs/view/desenvolvedor-frontend-at-zig-the-global-funtech-3799847266?position=3&pageNum=2&refId=Q2s6kIZyiHWRQQj1GsGx3w%3D%3D&trackingId=3TvdnHRVHnJBFQ8wgJOxyA%3D%3D&trk=public_jobs_jserp-result_search-card
Desenvolvedor Front-end Júnior - Trabalho Híbrido,Tgid - Transform and grow in digital,"São Paulo, SP",Há 3 semanas,https://br.linkedin.com/jobs/view/desenvolvedor-front-end-j%C3%BAnior-trabalho-h%C3%ADbrido-at-tgid-transform-and-grow-in-digital-3818254539?position=4&pageNum=2&refId=Q2s6kIZyiHWRQQj1GsGx3w%3D%3D&trackingId=u99rK%2FbNUnnPyspQgSNqbw%3D%3D&trk=public_jobs_jserp-result_search-card
Desenvolvedor Frontend,SeedTS,"São Paulo, SP",Há 1 dia,https://br.linkedin.com/jobs/view/desenvolvedor-frontend-at-seedts-3836905655?position=5&pageNum=2&refId=Q2s6kIZyiHWRQQj1GsGx3w%3D%3D&trackingId=6dQHTAV0gL2aO2%2BMsplQcA%3D%3D&trk=public_jobs_jserp-result_search-card
Desenvolvedor,Stoom seu E-commerce de ponta a ponta,São Paulo e Região,Há 1 semana,https://br.linkedin.com/jobs/view/desenvolvedor-at-stoom-solu%C3%A7%C3%B5es-em-e-commerce-3825531106?position=6&pageNum=2&refId=Q2s6kIZyiHWRQQj1GsGx3w%3D%3D&trackingId=%2BQ8k8c%2BJR490IjeQ%2FcKVOw%3D%3D&trk=public_jobs_jserp-result_search-card
Desenvolvedor Front-end PL.,RTM,São Paulo e Região,Há 5 dias,https://br.linkedin.com/jobs/view/desenvolvedor-front-end-pl-at-rtm-3829196424?position=7&pageNum=2&refId=Q2s6kIZyiHWRQQj1GsGx3w%3D%3D&trackingId=q0sWcHyAaRzvrMiMq5BXNw%3D%3D&trk=public_jobs_jserp-result_search-card
Desenvolvedor Back-end - Junior,"PSISEG - Psicologia, RH e SST",São Paulo e Região,Há 5 dias,https://br.linkedin.com/jobs/view/desenvolvedor-back-end-junior-at-psiseg-psicologia-rh-e-sst-3833189625?position=8&pageNum=2&refId=Q2s6kIZyiHWRQQj1GsGx3w%3D%3D&trackingId=CAChPgvr8mbCf2DhrVds0Q%3D%3D&trk=public_jobs_jserp-result_search-card
Desenvolvedor(a) de Software,Skeps,São Paulo e Região,Há 1 mês,https://br.linkedin.com/jobs/view/desenvolvedor-a-de-software-at-skeps-3801135227?position=9&pageNum=2&refId=Q2s6kIZyiHWRQQj1GsGx3w%3D%3D&trackingId=u9720Pu6XzdY91mUxttegQ%3D%3D&trk=public_jobs_jserp-result_search-card
Desenvolvedor / Programador Node.JS,Pasquali Solution,"São Paulo, SP",Há 2 meses,https://br.linkedin.com/jobs/view/desenvolvedor-programador-node-js-at-pasquali-solution-3800430931?position=1&pageNum=5&refId=Na542ZmiDWgARr8ig0uXfA%3D%3D&trackingId=TcABu%2BhcxNub%2BUXgxNia1A%3D%3D&trk=public_jobs_jserp-result_search-card
Desenvolvedor,MPJ Solutions,São Paulo e Região,Há 1 semana,https://br.linkedin.com/jobs/view/desenvolvedor-at-mpj-solutions-3823794195?position=2&pageNum=5&refId=Na542ZmiDWgARr8ig0uXfA%3D%3D&trackingId=FfHMthY%2BAv8gh5JEy77ylQ%3D%3D&trk=public_jobs_jserp-result_search-card
BANCO DE TALENTOS - DESENVOLVEDOR(A) - FULLSTACK,Banco Daycoval,"São Paulo, SP",Há 2 meses,https://br.linkedin.com/jobs/view/banco-de-talentos-desenvolvedor-a-fullstack-at-banco-daycoval-3798782615?position=3&pageNum=5&refId=Na542ZmiDWgARr8ig0uXfA%3D%3D&trackingId=0eaBlDG743AnRYA1KoWGIw%3D%3D&trk=public_jobs_jserp-result_search-card
Desenvolvedor Full Stack,Pasquali Solution,"Taboão da Serra, SP",Há 1 dia,https://br.linkedin.com/jobs/view/desenvolvedor-full-stack-at-pasquali-solution-3836080153?position=4&pageNum=5&refId=Na542ZmiDWgARr8ig0uXfA%3D%3D&trackingId=BuTPmmLSTbZ6GbH5VkQm0A%3D%3D&trk=public_jobs_jserp-result_search-card
Desenvolvedor Java Júnior (Banco de Talentos) (351087) - REMOTE,Touch Health,"São Paulo, SP",Há 2 meses,https://br.linkedin.com/jobs/view/desenvolvedor-java-j%C3%BAnior-banco-de-talentos-351087-remote-at-touch-tecnologia-3782439935?position=5&pageNum=5&refId=Na542ZmiDWgARr8ig0uXfA%3D%3D&trackingId=45vmzNworHHpu%2BVSEV%2BjFQ%3D%3D&trk=public_jobs_jserp-result_search-card
Analista Desenvolvedor de Sistemas Jr - Full Stack,Editora do Brasil,"São Paulo, SP",Há 5 dias,https://br.linkedin.com/jobs/view/analista-desenvolvedor-de-sistemas-jr-full-stack-at-editora-do-brasil-3832968254?position=6&pageNum=5&refId=Na542ZmiDWgARr8ig0uXfA%3D%3D&trackingId=xV0CGvoQSTRlewKSpGf41w%3D%3D&trk=public_jobs_jserp-result_search-card
Desenvolvedor,MPJ Solutions,São Paulo e Região,Há 1 semana,https://br.linkedin.com/jobs/view/desenvolvedor-at-mpj-solutions-3823792688?position=7&pageNum=5&refId=Na542ZmiDWgARr8ig0uXfA%3D%3D&trackingId=%2FgCEHD32l7hyIKArix%2BEYA%3D%3D&trk=public_jobs_jserp-result_search-card
Desenvolvedor Backend,RTM,São Paulo e Região,Há 3 meses,https://br.linkedin.com/jobs/view/desenvolvedor-backend-at-rtm-3764345348?position=8&pageNum=5&refId=Na542ZmiDWgARr8ig0uXfA%3D%3D&trackingId=8oMgkV2%2B1QkwOM1YLolx7Q%3D%3D&trk=public_jobs_jserp-result_search-card
Desenvolvedor(a) Node.js,Brivia | The Creative Smartech,"São Paulo, SP",Há 2 meses,https://br.linkedin.com/jobs/view/desenvolvedor-a-node-js-at-brivia-3798751981?position=9&pageNum=5&refId=Na542ZmiDWgARr8ig0uXfA%3D%3D&trackingId=xjet5WgxSbuBV%2F%2FkKUcslw%3D%3D&trk=public_jobs_jserp-result_search-card
Desenvolvedor (a),MakeOne,"São Paulo, SP",Há 2 meses,https://br.linkedin.com/jobs/view/desenvolvedor-a-at-telesul-3787370993?position=10&pageNum=5&refId=Na542ZmiDWgARr8ig0uXfA%3D%3D&trackingId=XbiSDdz5yox7mHi972MKrg%3D%3D&trk=public_jobs_jserp-result_search-card
Desenvolvedor Web,iestro,"São Bernardo do Campo, SP",Há 3 meses,https://br.linkedin.com/jobs/view/desenvolvedor-web-at-iestro-3761819841?position=1&pageNum=7&refId=YHaTjw%2BarPEMZnfpYWEKsA%3D%3D&trackingId=C9ikSaeBJcTMNZNh8uDX%2BA%3D%3D&trk=public_jobs_jserp-result_search-card
Desenvolvedor | JavaScript | Node.js | RPA |,Tasken,São Paulo e Região,Há 2 meses,https://br.linkedin.com/jobs/view/desenvolvedor-javascript-node-js-rpa-at-tasken-3785094280?position=2&pageNum=7&refId=YHaTjw%2BarPEMZnfpYWEKsA%3D%3D&trackingId=Gt4u%2BOT4PtnEW5o8n%2F7PJQ%3D%3D&trk=public_jobs_jserp-result_search-card
Desenvolvedor (a) Front End,MAGNA SISTEMAS,"Taboão da Serra, SP",Há 22 horas,https://br.linkedin.com/jobs/view/desenvolvedor-a-front-end-at-magna-sistemas-3835876927?position=3&pageNum=7&refId=YHaTjw%2BarPEMZnfpYWEKsA%3D%3D&trackingId=M2mzaBT1Qna5Pts02QQ%2FUg%3D%3D&trk=public_jobs_jserp-result_search-card
Desenvolvedor (a) Mobile Android,Omie,"São Paulo, SP",Há 3 meses,https://br.linkedin.com/jobs/view/desenvolvedor-a-mobile-android-at-omie-3754659243?position=5&pageNum=7&refId=YHaTjw%2BarPEMZnfpYWEKsA%3D%3D&trackingId=wr1XD6CS82i1Hd5gm59YKg%3D%3D&trk=public_jobs_jserp-result_search-card
Desenvolvedor Full stack,We Hunt,"São Paulo, SP",Há 1 mês,https://br.linkedin.com/jobs/view/desenvolvedor-full-stack-at-we-hunt-3798167058?position=6&pageNum=7&refId=YHaTjw%2BarPEMZnfpYWEKsA%3D%3D&trackingId=ZgtrvDrdyPHWMk7XWIOVmA%3D%3D&trk=public_jobs_jserp-result_search-card
Analista Desenvolvedor de Sistemas Jr - Full Stack,Editora do Brasil,"São Paulo, SP",Há 6 dias,https://br.linkedin.com/jobs/view/analista-desenvolvedor-de-sistemas-jr-full-stack-at-editora-do-brasil-3829600217?position=7&pageNum=7&refId=YHaTjw%2BarPEMZnfpYWEKsA%3D%3D&trackingId=etPgtvwsiFyvsLS4s3b96g%3D%3D&trk=public_jobs_jserp-result_search-card
Desenvolvedor,Pacto Soluções,São Paulo e Região,Há 1 semana,https://br.linkedin.com/jobs/view/desenvolvedor-at-pacto-solu%C3%A7%C3%B5es-tecnol%C3%B3gicas-ltda-3825569111?position=8&pageNum=7&refId=YHaTjw%2BarPEMZnfpYWEKsA%3D%3D&trackingId=8RxUnwjxuUJN1TqMQ4VtNg%3D%3D&trk=public_jobs_jserp-result_search-card
Desenvolvedor,GET ITalent,São Paulo e Região,Há 1 semana,https://br.linkedin.com/jobs/view/desenvolvedor-at-get-italent-3823747693?position=9&pageNum=7&refId=YHaTjw%2BarPEMZnfpYWEKsA%3D%3D&trackingId=muQru6gbUZvp%2BVkiYgz0rA%3D%3D&trk=public_jobs_jserp-result_search-card
Desenvolvedor full stack,Radartec,"São Paulo, SP",Há 1 mês,https://br.linkedin.com/jobs/view/desenvolvedor-full-stack-at-radartec-3805936696?position=10&pageNum=7&refId=YHaTjw%2BarPEMZnfpYWEKsA%3D%3D&trackingId=Gfpqn1Mz%2BBk1XFEJqDHbRg%3D%3D&trk=public_jobs_jserp-result_search-card
Desenvolvedor,Megawork Consultoria,São Paulo e Região,Há 1 semana,https://br.linkedin.com/jobs/view/desenvolvedor-at-megawork-consultoria-3823776804?position=1&pageNum=10&refId=DcrioPInBFbtqr%2F3Coh66A%3D%3D&trackingId=f%2FzxC%2FDo6ASnaes7ZFuj3A%3D%3D&trk=public_jobs_jserp-result_search-card
Desenvolvedor,ZRP,São Paulo e Região,Há 1 semana,https://br.linkedin.com/jobs/view/desenvolvedor-at-zrp-aplica%C3%A7%C3%B5es-3823797143?position=2&pageNum=10&refId=DcrioPInBFbtqr%2F3Coh66A%3D%3D&trackingId=o3GCi2QSsAh29E1R640gDg%3D%3D&trk=public_jobs_jserp-result_search-card
Desenvolvedor(a) Full Stack Python Javascript,Visie,São Paulo e Região,Há 4 meses,https://br.linkedin.com/jobs/view/desenvolvedor-a-full-stack-python-javascript-at-visie-3745873485?position=3&pageNum=10&refId=DcrioPInBFbtqr%2F3Coh66A%3D%3D&trackingId=y0JjddjjzBqoTGHKeGV3jw%3D%3D&trk=public_jobs_jserp-result_search-card
Desenvolvedor,go2Win,São Paulo e Região,Há 1 semana,https://br.linkedin.com/jobs/view/desenvolvedor-at-go2win-3823911779?position=4&pageNum=10&refId=DcrioPInBFbtqr%2F3Coh66A%3D%3D&trackingId=Oejezym0%2F9RIFgqsMr%2FT8w%3D%3D&trk=public_jobs_jserp-result_search-card
Desenvolvedor,CMLO&CO,São Paulo e Região,Há 5 meses,https://br.linkedin.com/jobs/view/desenvolvedor-at-cmlo-co-3701720135?position=5&pageNum=10&refId=DcrioPInBFbtqr%2F3Coh66A%3D%3D&trackingId=AhapfaNUv2T79CdOZ7CScA%3D%3D&trk=public_jobs_jserp-result_search-card
Desenvolvedor,Novadata,São Paulo e Região,Há 1 semana,https://br.linkedin.com/jobs/view/desenvolvedor-at-novadata-3823746309?position=6&pageNum=10&refId=DcrioPInBFbtqr%2F3Coh66A%3D%3D&trackingId=bNGQgRr8%2BVFMoBV5l0UbTg%3D%3D&trk=public_jobs_jserp-result_search-card
DESENVOLVEDOR .NET JR,Sinqia,"São Paulo, SP",Há 2 semanas,https://br.linkedin.com/jobs/view/desenvolvedor-net-jr-at-sinqia-3820420652?position=7&pageNum=10&refId=DcrioPInBFbtqr%2F3Coh66A%3D%3D&trackingId=wsByhMa8fHGROBi3QO72vw%3D%3D&trk=public_jobs_jserp-result_search-card
Bolsista Mestre - [Inteligência Artificial e Programação] - GEVISA S.A,IEL Paraná,"São Paulo, SP",Há 1 mês,https://br.linkedin.com/jobs/view/bolsista-mestre-intelig%C3%AAncia-artificial-e-programa%C3%A7%C3%A3o-gevisa-s-a-at-iel-paran%C3%A1-3811594741?position=8&pageNum=10&refId=DcrioPInBFbtqr%2F3Coh66A%3D%3D&trackingId=x7Xe6v3Mny%2Fd9%2BuBWfddpQ%3D%3D&trk=public_jobs_jserp-result_search-card
Desenvolvedor JAVA,Cromos IT,São Paulo e Região,Há 1 semana,https://br.linkedin.com/jobs/view/desenvolvedor-java-at-cromos-it-3823912807?position=9&pageNum=10&refId=DcrioPInBFbtqr%2F3Coh66A%3D%3D&trackingId=HGmhaCxNm6nm5VBdecPA1A%3D%3D&trk=public_jobs_jserp-result_search-card
Desenvolvedor Full Stack,OrçaFascio,"Santo André, SP",Há 1 mês,https://br.linkedin.com/jobs/view/desenvolvedor-full-stack-at-or%C3%A7afascio-3803622478?position=10&pageNum=10&refId=DcrioPInBFbtqr%2F3Coh66A%3D%3D&trackingId=mt6Jm3BQPJ2HL3hcql6tIw%3D%3D&trk=public_jobs_jserp-result_search-card
Desenvolvedor Back End,Prime Interway,"São Paulo, SP",Há 1 mês,https://br.linkedin.com/jobs/view/desenvolvedor-back-end-at-prime-interway-3816018717?position=1&pageNum=12&refId=S9V%2BOaD1r4D3TpVu%2Fg99Kw%3D%3D&trackingId=xF8rcWamXuejnXr5JQhUJQ%3D%3D&trk=public_jobs_jserp-result_search-card
Desenvolvedor Full Stack,Base Consultoria,"São Paulo, SP",Há 8 meses,https://br.linkedin.com/jobs/view/desenvolvedor-full-stack-at-base-consultoria-3631054578?position=2&pageNum=12&refId=S9V%2BOaD1r4D3TpVu%2Fg99Kw%3D%3D&trackingId=hOK9paD38MU1M9LKsQ9m4g%3D%3D&trk=public_jobs_jserp-result_search-card
Desenvolvedor JavaScript - Oracle NetSuite - Banco de Talentos,ProjectDome,"São Paulo, SP",Há 8 meses,https://br.linkedin.com/jobs/view/desenvolvedor-javascript-oracle-netsuite-banco-de-talentos-at-projectdome-3636942606?position=3&pageNum=12&refId=S9V%2BOaD1r4D3TpVu%2Fg99Kw%3D%3D&trackingId=WlF15bZKJXUwTI9G96k1yw%3D%3D&trk=public_jobs_jserp-result_search-card
Pessoa Desenvolvedora Full Stack,AVITA® INSURTECH,"São Paulo, SP",Há 2 meses,https://br.linkedin.com/jobs/view/pessoa-desenvolvedora-full-stack-at-avita%C2%AE-insurtech-3782556778?position=4&pageNum=12&refId=S9V%2BOaD1r4D3TpVu%2Fg99Kw%3D%3D&trackingId=h1adp1%2BkekxNoR9V%2BbqImg%3D%3D&trk=public_jobs_jserp-result_search-card
Desenvolvedor Back-end Júnior - Trabalho Híbrido,Tgid - Transform and grow in digital,"São Paulo, SP",Há 2 meses,https://br.linkedin.com/jobs/view/desenvolvedor-back-end-j%C3%BAnior-trabalho-h%C3%ADbrido-at-tgid-transform-and-grow-in-digital-3778922181?position=5&pageNum=12&refId=S9V%2BOaD1r4D3TpVu%2Fg99Kw%3D%3D&trackingId=t2N767UqfLxJ3KSTSCWbCQ%3D%3D&trk=public_jobs_jserp-result_search-card
Desenvolvedor Web (Programador),Grupo Alphas,"Taboão da Serra, SP",Há 2 semanas,https://br.linkedin.com/jobs/view/desenvolvedor-web-programador-at-grupo-alphas-3823802378?position=6&pageNum=12&refId=S9V%2BOaD1r4D3TpVu%2Fg99Kw%3D%3D&trackingId=IPSLsPrzmyyZaB2hIqIWvg%3D%3D&trk=public_jobs_jserp-result_search-card
Desenvolvedor de Backend,Beneo | RH Digital,São Paulo e Região,Há 4 meses,https://br.linkedin.com/jobs/view/desenvolvedor-de-backend-at-beneo-rh-digital-3731550102?position=7&pageNum=12&refId=S9V%2BOaD1r4D3TpVu%2Fg99Kw%3D%3D&trackingId=dd4mcvi1kf3ZYtwMzhO%2F1A%3D%3D&trk=public_jobs_jserp-result_search-card
Desenvolvedor Full Stack - S��o Paulo,TC,"São Paulo, SP",Há 2 semanas,https://br.linkedin.com/jobs/view/desenvolvedor-full-stack-s%EF%BF%BD%EF%BF%BDo-paulo-at-tc-3816109517?position=8&pageNum=12&refId=S9V%2BOaD1r4D3TpVu%2Fg99Kw%3D%3D&trackingId=b5X%2BANSDuCh0t%2F0bABrHIQ%3D%3D&trk=public_jobs_jserp-result_search-card
Desenvolvedor,Bluesix Consultoria,São Paulo e Região,Há 1 semana,https://br.linkedin.com/jobs/view/desenvolvedor-at-bluesix-consultoria-3823787873?position=9&pageNum=12&refId=S9V%2BOaD1r4D3TpVu%2Fg99Kw%3D%3D&trackingId=neZUVQkKEmP25p9r01oFAQ%3D%3D&trk=public_jobs_jserp-result_search-card
Desenvolvedor,innolevels,São Paulo e Região,Há 1 semana,https://br.linkedin.com/jobs/view/desenvolvedor-at-innolevels-3823763600?position=10&pageNum=12&refId=S9V%2BOaD1r4D3TpVu%2Fg99Kw%3D%3D&trackingId=qYVc4HtQH1V8wjyXhFfseg%3D%3D&trk=public_jobs_jserp-result_search-card
Banco de Talentos - Estágio,Giant Steps Capital,"São Paulo, SP",Há 1 mês,https://br.linkedin.com/jobs/view/banco-de-talentos-est%C3%A1gio-at-giant-steps-capital-3798726494?position=1&pageNum=15&refId=aZyeMk6mDzerc2k8h2Qq%2Fw%3D%3D&trackingId=1%2FMX0lCPvIAQffTvJHk2pQ%3D%3D&trk=public_jobs_jserp-result_search-card
Desenvolvedor,Siena Company,"São Paulo, SP",Há 2 semanas,https://br.linkedin.com/jobs/view/desenvolvedor-at-siena-company-3821547169?position=2&pageNum=15&refId=aZyeMk6mDzerc2k8h2Qq%2Fw%3D%3D&trackingId=G2ci6jElT0MPCJTNXFMPDQ%3D%3D&trk=public_jobs_jserp-result_search-card
Analista Desenvolvedor 202401,Prill Tecnologia,São Paulo e Região,Há 3 semanas,https://br.linkedin.com/jobs/view/analista-desenvolvedor-202401-at-prill-tecnologia-3818011154?position=3&pageNum=15&refId=aZyeMk6mDzerc2k8h2Qq%2Fw%3D%3D&trackingId=R%2Fk%2B%2BF7mFkLgom966m3zpQ%3D%3D&trk=public_jobs_jserp-result_search-card
Desenvolvedor,MPJ Solutions,São Paulo e Região,Há 1 semana,https://br.linkedin.com/jobs/view/desenvolvedor-at-mpj-solutions-3823782641?position=4&pageNum=15&refId=aZyeMk6mDzerc2k8h2Qq%2Fw%3D%3D&trackingId=q%2BWZBsn505vjpK47CRX%2Bpw%3D%3D&trk=public_jobs_jserp-result_search-card
Desenvolvedor Java,RHF Talentos,"São Paulo, SP",Há 4 meses,https://br.linkedin.com/jobs/view/desenvolvedor-java-at-rhf-talentos-3737296599?position=5&pageNum=15&refId=aZyeMk6mDzerc2k8h2Qq%2Fw%3D%3D&trackingId=VEbmD8pNuRsRhFSKWm5yJQ%3D%3D&trk=public_jobs_jserp-result_search-card
Desenvolvedor Full Stack |Home Office| EC 22-04 B,IEL Paraná,"São Paulo, SP",Há 1 mês,https://br.linkedin.com/jobs/view/desenvolvedor-full-stack-home-office-ec-22-04-b-at-iel-paran%C3%A1-3811595752?position=6&pageNum=15&refId=aZyeMk6mDzerc2k8h2Qq%2Fw%3D%3D&trackingId=4tjT%2Fugbn7mfR5Z4x2O2Jg%3D%3D&trk=public_jobs_jserp-result_search-card
Analista Desenvolvedor (next/nodejs),Capitani Group,"São Paulo, SP",Há 6 dias,https://br.linkedin.com/jobs/view/analista-desenvolvedor-next-nodejs-at-capitani-group-3832073470?position=7&pageNum=15&refId=aZyeMk6mDzerc2k8h2Qq%2Fw%3D%3D&trackingId=vXBs2OFpyjTmjf6fdh6ZiQ%3D%3D&trk=public_jobs_jserp-result_search-card
Desenvolvedor,DOMVS iT,São Paulo e Região,Há 1 semana,https://br.linkedin.com/jobs/view/desenvolvedor-at-domvs-it-3823927593?position=8&pageNum=15&refId=aZyeMk6mDzerc2k8h2Qq%2Fw%3D%3D&trackingId=zftj5Zo5Iw4kva8hkGgCcQ%3D%3D&trk=public_jobs_jserp-result_search-card
Desenvolvedor Back-End PL,Talentflix,"São Paulo, SP",Há 2 meses,https://br.linkedin.com/jobs/view/desenvolvedor-back-end-pl-at-talentflix-3776469836?position=9&pageNum=15&refId=aZyeMk6mDzerc2k8h2Qq%2Fw%3D%3D&trackingId=O1Uqo0%2Bs%2BDDWNzHkDptUJQ%3D%3D&trk=public_jobs_jserp-result_search-card
Desenvolvedores,EY,"São Paulo, SP",Há 6 dias,https://br.linkedin.com/jobs/view/desenvolvedores-at-ey-3797679668?position=10&pageNum=15&refId=aZyeMk6mDzerc2k8h2Qq%2Fw%3D%3D&trackingId=bthOOEiRHzvqKlmuM3ZqsQ%3D%3D&trk=public_jobs_jserp-result_search-card
Desenvolvedor,MPJ Solutions,São Paulo e Região,Há 1 semana,https://br.linkedin.com/jobs/view/desenvolvedor-at-mpj-solutions-3823783353?position=1&pageNum=17&refId=o5tfT4qm3hesJKijpq93rQ%3D%3D&trackingId=oqmhesghGserqEGJEaHtnQ%3D%3D&trk=public_jobs_jserp-result_search-card
Desenvolvedor Java | São Paulo,Deloitte,"São Paulo, SP",Há 1 semana,https://br.linkedin.com/jobs/view/desenvolvedor-java-s%C3%A3o-paulo-at-deloitte-3796918208?position=3&pageNum=17&refId=o5tfT4qm3hesJKijpq93rQ%3D%3D&trackingId=9rNIa%2BvB6%2BarB0POEw0nfA%3D%3D&trk=public_jobs_jserp-result_search-card
Desenvolvedor de front-end,My Hunter Soluções em TI,"São Paulo, SP",Há 1 dia,https://br.linkedin.com/jobs/view/desenvolvedor-de-front-end-at-my-hunter-solu%C3%A7%C3%B5es-em-ti-3836420765?position=4&pageNum=17&refId=o5tfT4qm3hesJKijpq93rQ%3D%3D&trackingId=mskRTP%2FwZSzW8fc6AGdKSg%3D%3D&trk=public_jobs_jserp-result_search-card
Desenvolvedor Junior de CRM,HG Recursos Humanos,"São Paulo, SP",Há 2 horas,https://br.linkedin.com/jobs/view/desenvolvedor-junior-de-crm-at-hg-recursos-humanos-3837817271?position=6&pageNum=17&refId=o5tfT4qm3hesJKijpq93rQ%3D%3D&trackingId=LSl%2Bz%2FpEnrgWhTJDn5%2F7EA%3D%3D&trk=public_jobs_jserp-result_search-card
Desenvolvedor,MPJ Solutions,São Paulo e Região,Há 1 semana,https://br.linkedin.com/jobs/view/desenvolvedor-at-mpj-solutions-3823785144?position=7&pageNum=17&refId=o5tfT4qm3hesJKijpq93rQ%3D%3D&trackingId=F9z7RQlMqpPhQEcSl95FNQ%3D%3D&trk=public_jobs_jserp-result_search-card
Desenvolvedor .NET -Full stack PL,Cacau Show,"São Paulo, SP",Há 2 meses,https://br.linkedin.com/jobs/view/desenvolvedor-net-full-stack-pl-at-cacau-show-3772829984?position=9&pageNum=17&refId=o5tfT4qm3hesJKijpq93rQ%3D%3D&trackingId=DSLlTUiGTP2YDevMYKqoPQ%3D%3D&trk=public_jobs_jserp-result_search-card
Desenvolvedor JAVA,Tria Software,São Paulo e Região,Há 1 semana,https://br.linkedin.com/jobs/view/desenvolvedor-java-at-tria-software-3823789214?position=10&pageNum=17&refId=o5tfT4qm3hesJKijpq93rQ%3D%3D&trackingId=X1ZOVl0ypqjoE9IamBw1Ig%3D%3D&trk=public_jobs_jserp-result_search-card
Engenheiro de Software Pl.,Banco PAN,"São Paulo, SP",Há 6 dias,https://br.linkedin.com/jobs/view/engenheiro-de-software-pl-at-banco-pan-3832070395?position=1&pageNum=20&refId=p2Hy5vO75YwrH4LeX8BJ%2FA%3D%3D&trackingId=wyLmExfJMqm0xdEmAtnwuA%3D%3D&trk=public_jobs_jserp-result_search-card
Estágio em desenvolvimento de sistemas/ suporte técnico - Av. Paulista,Enterpriserh,"São Paulo, SP",Há 2 meses,https://br.linkedin.com/jobs/view/est%C3%A1gio-em-desenvolvimento-de-sistemas-suporte-t%C3%A9cnico-av-paulista-at-enterpriserh-3783825450?position=3&pageNum=20&refId=p2Hy5vO75YwrH4LeX8BJ%2FA%3D%3D&trackingId=tGIJZKxQOkgso622aF79Kw%3D%3D&trk=public_jobs_jserp-result_search-card
Desenvolvedor(a) Operações Pleno (remoto),ZENVIA,"São Paulo, SP",Há 23 horas,https://br.linkedin.com/jobs/view/desenvolvedor-a-opera%C3%A7%C3%B5es-pleno-remoto-at-zenvia-3835877491?position=4&pageNum=20&refId=p2Hy5vO75YwrH4LeX8BJ%2FA%3D%3D&trackingId=qVcc1ugVXgvl%2BmTH%2Fg2V%2Fw%3D%3D&trk=public_jobs_jserp-result_search-card
Ringa desenvolvedor back end python junior,Netvagas,São Paulo e Região,Há 1 dia,https://br.linkedin.com/jobs/view/ringa-desenvolvedor-back-end-python-junior-at-netvagas-3831260168?position=5&pageNum=20&refId=p2Hy5vO75YwrH4LeX8BJ%2FA%3D%3D&trackingId=43fWUl9UDauN09hY6z%2FRkQ%3D%3D&trk=public_jobs_jserp-result_search-card
Desenvolvedor Java,Conninf Soluções em Tecnologia,"São Paulo, SP",Há 1 semana,https://br.linkedin.com/jobs/view/desenvolvedor-java-at-conninf-solu%C3%A7%C3%B5es-em-tecnologia-3832464919?position=6&pageNum=20&refId=p2Hy5vO75YwrH4LeX8BJ%2FA%3D%3D&trackingId=P%2F23cG2MEydW7XbIydOGjA%3D%3D&trk=public_jobs_jserp-result_search-card
Desenvolvedor java jr,Netvagas,"São Paulo, SP",Há 2 dias,https://br.linkedin.com/jobs/view/desenvolvedor-java-jr-at-netvagas-3831157955?position=7&pageNum=20&refId=p2Hy5vO75YwrH4LeX8BJ%2FA%3D%3D&trackingId=fywd5volom9FtSx4HQDfCg%3D%3D&trk=public_jobs_jserp-result_search-card
Desenvolvedor Front-End React Pleno,Omelete Company,"São Paulo, SP",Há 1 semana,https://br.linkedin.com/jobs/view/desenvolvedor-front-end-react-pleno-at-omelete-company-3827951187?position=8&pageNum=20&refId=p2Hy5vO75YwrH4LeX8BJ%2FA%3D%3D&trackingId=0ITxlbppH2fM%2B0W7fJpoiA%3D%3D&trk=public_jobs_jserp-result_search-card
Analista Desenvolvedor (next/nodejs),Capitani Group,"São Paulo, SP",Há 6 dias,https://br.linkedin.com/jobs/view/analista-desenvolvedor-next-nodejs-at-capitani-group-3832114961?position=10&pageNum=20&refId=p2Hy5vO75YwrH4LeX8BJ%2FA%3D%3D&trackingId=5XbUr%2B58J9JNotXGUrG%2BLw%3D%3D&trk=public_jobs_jserp-result_search-card
